ID	Codon	NTPos	AA	AAPos	RowType


11061	GCR	1947	A/A	649	NonSynonymousT
11061	ATW	9486	I/M	3162	NonSynonymousT

ID	Codon	NTPos	AA	AAPos	RowType


11033	TCY	3738	S/S/S	1246	NonSynonymousT

ID	Codon	NTPos	AA	AAPos	RowType


11059	YTG	4342	L/V/L	1448	NonSynonymousT
11059	ATR	6573	M/I	2191	NonSynonymousT
11059	GGR	7623	G/G	2541	NonSynonymousT
11059	ATY	9456	I/M/I	3152	NonSynonymousT

ID	Codon	NTPos	AA	AAPos	RowType



ID	Codon	NTPos	AA	AAPos	RowType


11082	WTC	3106	F/V	1036	NonSynonymousT

ID	Codon	NTPos	AA	AAPos	RowType


11090	AAK	2943	N/N	981	NonSynonymousT
11090	AAR	10137	K/N	3379	NonSynonymousT

ID	Codon	NTPos	AA	AAPos	RowType


11065	CWA	3803	L/R	1268	NonSynonymousT
11065	YTA	4951	L/V/L	1651	NonSynonymousT
11065	GCY	5400	A/A/A	1800	NonSynonymousT
11065	TGY	6117	C/W/C	2039	NonSynonymousT
11065	GTY	7710	V/V/V	2570	NonSynonymousT
11065	CAY	7860	H/Q/H	2620	NonSynonymousT
11065	CAY	8802	H/Q/H	2934	NonSynonymousT
11065	RAG	9397	E/Q	3133	NonSynonymousT
11065	AYA	9503	T/R/I	3168	NonSynonymousT

ID	Codon	NTPos	AA	AAPos	RowType


11049	GYG	1112	A/G/V	371	NonSynonymousT
11049	CAY	1467	H/Q/H	489	NonSynonymousT
11049	GTR	2595	V/V	865	NonSynonymousT

ID	Codon	NTPos	AA	AAPos	RowType


11026	ACR	4827	T/T	1609	NonSynonymousT
11026	TAY	10122	Y/Z/Y	3374	NonSynonymousT

ID	Codon	NTPos	AA	AAPos	RowType


11037	AYA	749	T/R/I	250	NonSynonymousT
11037	TTR	816	L/F	272	NonSynonymousT
11037	CTY	2514	L/L/L	838	NonSynonymousT
11037	AYT	3542	T/S/I	1181	NonSynonymousT
11037	ART	3569	S/T	1190	NonSynonymousT
11037	TAY	3603	Y/Z/Y	1201	NonSynonymousT
11037	GCY	5400	A/A/A	1800	NonSynonymousT
11037	YTG	5581	L/V/L	1861	NonSynonymousT
11037	YTA	5728	L/V/L	1910	NonSynonymousT
11037	GAY	5838	D/E/D	1946	NonSynonymousT
11037	ATY	5847	I/M/I	1949	NonSynonymousT
11037	GGR	5937	G/G	1979	NonSynonymousT
11037	TTY	6258	F/L/F	2086	NonSynonymousT
11037	AAR	6261	K/N	2087	NonSynonymousT
11037	TTY	6711	F/L/F	2237	NonSynonymousT
11037	AGR	7683	R/S	2561	NonSynonymousT
11037	TAY	7749	Y/Z/Y	2583	NonSynonymousT
11037	TAY	7860	Y/Z/Y	2620	NonSynonymousT
11037	GTR	8754	V/V	2918	NonSynonymousT
11037	ARA	8786	R/T	2929	NonSynonymousT
11037	GGW	9060	G/G	3020	NonSynonymousT
11037	GCY	9171	A/A/A	3057	NonSynonymousT
11037	ATY	9180	I/M/I	3060	NonSynonymousT
11037	AAY	9201	N/K/N	3067	NonSynonymousT
11037	GRA	9419	G/A	3140	NonSynonymousT

ID	Codon	NTPos	AA	AAPos	RowType


11029	RAT	4105	D/H	1369	NonSynonymousT
11029	AGY	4899	S/R/S	1633	NonSynonymousT
11029	TAY	6099	Y/Z/Y	2033	NonSynonymousT
11029	YTG	7504	L/V/L	2502	NonSynonymousT
11029	TCY	8634	S/S/S	2878	NonSynonymousT
11029	GTS	8712	V/V/V	2904	NonSynonymousT

ID	Codon	NTPos	AA	AAPos	RowType


11031	AGR	4470	R/S	1490	NonSynonymousT
11031	AAR	9423	K/N	3141	NonSynonymousT

ID	Codon	NTPos	AA	AAPos	RowType


11028	AWA	1259	I/R	420	NonSynonymousT
11028	TAY	1737	Y/Z/Y	579	NonSynonymousT
11028	GAY	6768	D/E/D	2256	NonSynonymousT
11028	AAY	7044	N/K/N	2348	NonSynonymousT

ID	Codon	NTPos	AA	AAPos	RowType


11030	CCY	3285	P/P/P	1095	NonSynonymousT

ID	Codon	NTPos	AA	AAPos	RowType


11043	ATR	6549	M/I	2183	NonSynonymousT
11043	AAR	7545	K/N	2515	NonSynonymousT

ID	Codon	NTPos	AA	AAPos	RowType



ID	Codon	NTPos	AA	AAPos	RowType


11038	RAC	7555	D/H	2519	NonSynonymousT

ID	Codon	NTPos	AA	AAPos	RowType


11032	YTA	2560	L/V/L	854	NonSynonymousT
11032	GGR	2625	G/G	875	NonSynonymousT

ID	Codon	NTPos	AA	AAPos	RowType



ID	Codon	NTPos	AA	AAPos	RowType


11034	GGR	2625	G/G	875	NonSynonymousT
11034	TTR	3657	L/F	1219	NonSynonymousT
11034	TGY	4158	C/W/C	1386	NonSynonymousT

ID	Codon	NTPos	AA	AAPos	RowType


11048	YTG	5581	L/V/L	1861	NonSynonymousT

ID	Codon	NTPos	AA	AAPos	RowType


11047	AAY	6798	N/K/N	2266	NonSynonymousT

ID	Codon	NTPos	AA	AAPos	RowType


11044	CCY	1497	P/P/P	499	NonSynonymousT
11044	RTG	3472	V/L	1158	NonSynonymousT
11044	TAY	10122	Y/Z/Y	3374	NonSynonymousT

ID	Codon	NTPos	AA	AAPos	RowType


11046	GCY	1029	A/A/A	343	NonSynonymousT

ID	Codon	NTPos	AA	AAPos	RowType



ID	Codon	NTPos	AA	AAPos	RowType


11041	CAY	348	H/Q/H	116	NonSynonymousT
11041	RAA	1447	E/Q	483	NonSynonymousT

ID	Codon	NTPos	AA	AAPos	RowType


11040	TTY	759	F/L/F	253	NonSynonymousT
11040	YTG	1006	L/V/L	336	NonSynonymousT
11040	YTT	1126	L/V/F	376	NonSynonymousT
11040	GTR	4362	V/V	1454	NonSynonymousT
11040	YTA	4990	L/V/L	1664	NonSynonymousT
11040	AAR	5073	K/N	1691	NonSynonymousT

ID	Codon	NTPos	AA	AAPos	RowType


11039	AGY	2031	S/R/S	677	NonSynonymousT
11039	RCA	3118	A/P	1040	NonSynonymousT
11039	KTG	4393	L/L	1465	NonSynonymousT
11039	TTY	8715	F/L/F	2905	NonSynonymousT
11039	NTC	3391	-	-	WithNT

ID	Codon	NTPos	AA	AAPos	RowType


11062	YTG	6613	L/V/L	2205	NonSynonymousT
11062	YTA	9991	L/V/L	3331	NonSynonymousT

ID	Codon	NTPos	AA	AAPos	RowType


11036	GCY	9822	A/A/A	3274	NonSynonymousT

ID	Codon	NTPos	AA	AAPos	RowType


11063	GGR	4125	G/G	1375	NonSynonymousT
11063	AAY	9306	N/K/N	3102	NonSynonymousT

ID	Codon	NTPos	AA	AAPos	RowType


11058	ATW	2157	I/M	719	NonSynonymousT
11058	GYA	2708	A/G/V	903	NonSynonymousT
11058	ACR	5163	T/T	1721	NonSynonymousT

ID	Codon	NTPos	AA	AAPos	RowType


11057	WTT	2044	F/V	682	NonSynonymousT
11057	GCY	5784	A/A/A	1928	NonSynonymousT

ID	Codon	NTPos	AA	AAPos	RowType


11056	GAY	870	D/E/D	290	NonSynonymousT
11056	AYA	1826	T/R/I	609	NonSynonymousT
11056	YTG	3160	L/V/L	1054	NonSynonymousT
11056	RCA	3871	A/P	1291	NonSynonymousT

ID	Codon	NTPos	AA	AAPos	RowType


11055	YTG	1687	L/V/L	563	NonSynonymousT
11055	KCT	7357	P/S	2453	NonSynonymousT

ID	Codon	NTPos	AA	AAPos	RowType



ID	Codon	NTPos	AA	AAPos	RowType


11053	TCY	2112	S/S/S	704	NonSynonymousT

ID	Codon	NTPos	AA	AAPos	RowType


11052	TTR	2244	L/F	748	NonSynonymousT
11052	AYG	3596	T/R/M	1199	NonSynonymousT
11052	ATR	4152	M/I	1384	NonSynonymousT
11052	YTA	5728	L/V/L	1910	NonSynonymousT
11052	ACK	7485	T/T	2495	NonSynonymousT

ID	Codon	NTPos	AA	AAPos	RowType


11050	AGY	2898	S/R/S	966	NonSynonymousT
11050	CGY	8892	R/R/R	2964	NonSynonymousT

ID	Codon	NTPos	AA	AAPos	RowType



ID	Codon	NTPos	AA	AAPos	RowType



ID	Codon	NTPos	AA	AAPos	RowType


11072	GGR	576	G/G	192	NonSynonymousT

ID	Codon	NTPos	AA	AAPos	RowType


11073	GGY	594	G/G/G	198	NonSynonymousT
11073	ACM	1635	T/T	545	NonSynonymousT
11073	GGR	2625	G/G	875	NonSynonymousT
11073	YTA	3418	L/V/L	1140	NonSynonymousT
11073	GAS	8763	E/D/E	2921	NonSynonymousT
11073	TAY	8832	Y/Z/Y	2944	NonSynonymousT
11073	ATW	9255	I/M	3085	NonSynonymousT

ID	Codon	NTPos	AA	AAPos	RowType


11071	TGY	7914	C/W/C	2638	NonSynonymousT

ID	Codon	NTPos	AA	AAPos	RowType



ID	Codon	NTPos	AA	AAPos	RowType


11067	TTY	4392	F/L/F	1464	NonSynonymousT
11067	TTY	6027	F/L/F	2009	NonSynonymousT
11067	AGY	8991	S/R/S	2997	NonSynonymousT

ID	Codon	NTPos	AA	AAPos	RowType


11064	RGA	106	G/R	36	NonSynonymousT
11064	GAY	462	D/E/D	154	NonSynonymousT
11064	CCK	5097	P/P	1699	NonSynonymousT
11064	RTT	5752	V/L	1918	NonSynonymousT

ID	Codon	NTPos	AA	AAPos	RowType


11066	CCY	129	P/P/P	43	NonSynonymousT
11066	YTG	2227	L/V/L	743	NonSynonymousT
11066	AGR	5589	R/S	1863	NonSynonymousT
11066	TTR	9303	L/F	3101	NonSynonymousT

ID	Codon	NTPos	AA	AAPos	RowType


11086	GAY	1101	D/E/D	367	NonSynonymousT
11086	GYT	2591	A/G/V	864	NonSynonymousT
11086	GGR	2625	G/G	875	NonSynonymousT
11086	AGR	5589	R/S	1863	NonSynonymousT
11086	TTY	6267	F/L/F	2089	NonSynonymousT
11086	GYT	9404	A/G/V	3135	NonSynonymousT

ID	Codon	NTPos	AA	AAPos	RowType


11085	GGR	2625	G/G	875	NonSynonymousT
11085	GTM	5646	V/V	1882	NonSynonymousT
11085	GAY	6123	D/E/D	2041	NonSynonymousT
11085	RCC	7090	A/P	2364	NonSynonymousT
11085	GTR	7677	V/V	2559	NonSynonymousT
11085	TGY	9603	C/W/C	3201	NonSynonymousT

ID	Codon	NTPos	AA	AAPos	RowType


11083	AGY	4038	S/R/S	1346	NonSynonymousT
11083	YAC	7858	H/D/Y	2620	NonSynonymousT
11083	AAR	8343	K/N	2781	NonSynonymousT
11083	SAG	9217	K/Q/E	3073	NonSynonymousT

ID	Codon	NTPos	AA	AAPos	RowType



ID	Codon	NTPos	AA	AAPos	RowType


11081	TCY	3861	S/S/S	1287	NonSynonymousT

ID	Codon	NTPos	AA	AAPos	RowType


11077	YTC	313	L/V/F	105	NonSynonymousT
11077	GAY	8775	D/E/D	2925	NonSynonymousT

ID	Codon	NTPos	AA	AAPos	RowType


11076	KTG	4393	L/L	1465	NonSynonymousT
11076	GAR	5475	E/D	1825	NonSynonymousT
11076	CWA	7535	L/R	2512	NonSynonymousT

ID	Codon	NTPos	AA	AAPos	RowType


11095	AYC	1856	T/S/I	619	NonSynonymousT
11095	ACY	3996	T/T/T	1332	NonSynonymousT
11095	GGR	4734	G/G	1578	NonSynonymousT
11095	CTR	8058	L/L	2686	NonSynonymousT
11095	GCY	9171	A/A/A	3057	NonSynonymousT

ID	Codon	NTPos	AA	AAPos	RowType


11094	CTY	2514	L/L/L	838	NonSynonymousT
11094	GGR	2625	G/G	875	NonSynonymousT
11094	AGY	3024	S/R/S	1008	NonSynonymousT
11094	GGM	3201	G/G	1067	NonSynonymousT
11094	TTY	3294	F/L/F	1098	NonSynonymousT
11094	CAR	5613	Q/H	1871	NonSynonymousT
11094	GTY	9432	V/V/V	3144	NonSynonymousT

ID	Codon	NTPos	AA	AAPos	RowType


11093	TCW	4830	S/S	1610	NonSynonymousT
11093	TCY	7929	S/S/S	2643	NonSynonymousT

ID	Codon	NTPos	AA	AAPos	RowType



ID	Codon	NTPos	AA	AAPos	RowType


11091	ASC	1367	N/T/S	456	NonSynonymousT
11091	GGR	7356	G/G	2452	NonSynonymousT
11091	GGY	7473	G/G/G	2491	NonSynonymousT
11091	GTS	7779	V/V/V	2593	NonSynonymousT
11091	TTY	9498	F/L/F	3166	NonSynonymousT

ID	Codon	NTPos	AA	AAPos	RowType


11089	ARA	2141	R/T	714	NonSynonymousT
11089	TGY	9471	C/W/C	3157	NonSynonymousT

ID	Codon	NTPos	AA	AAPos	RowType


11088	ATY	2997	I/M/I	999	NonSynonymousT

